"product_class_id","subcategory","category","department","family"
"1","Nuts","Specialty","Produce","Food"
"2","Shellfish","Seafood","Seafood","Food"
"3","Canned Fruit","Fruit","Canned Products","Food"
"4","Spices","Baking Goods","Baking Goods","Food"
"5","Pasta","Starchy Foods","Starchy Foods","Food"
"6","Yogurt","Dairy","Dairy","Food"
"7","Coffee","Dry Goods","Baking Goods","Drink"
"8","Deli Meats","Meat","Deli","Food"
"9","Ice Cream","Frozen Desserts","Frozen Foods","Food"
"10","TV Dinner","Frozen Entrees","Frozen Foods","Food"
"11","Cheese","Dairy","Dairy","Food"
"12","Chips","Snack Foods","Snack Foods","Food"
"14","Sour Cream","Dairy","Dairy","Food"
"15","Cottage Cheese","Dairy","Dairy","Food"
"16","Deli Salads","Side Dishes","Deli","Food"
"17","Dried Meat","Snack Foods","Snack Foods","Food"
"18","Paper Wipes","Paper Products","Household","Non-Consumable"
"19","Soda","Carbonated Beverages","Beverages","Drink"
"20","Deodorizers","Cleaning Supplies","Household","Non-Consumable"
"22","Cleaners","Cleaning Supplies","Household","Non-Consumable"
"23","Shower Soap","Cleaning Supplies","Household","Non-Consumable"
"24","Fresh Fish","Seafood","Seafood","Food"
"25","Bagels","Bread","Baked Goods","Food"
"26","Muffins","Bread","Baked Goods","Food"
"27","Sliced Bread","Bread","Baked Goods","Food"
"28","Pancake Mix","Breakfast Foods","Frozen Foods","Food"
"29","Pancakes","Breakfast Foods","Frozen Foods","Food"
"30","Juice","Pure Juice Beverages","Beverages","Drink"
"31","Jelly","Jams and Jellies","Baking Goods","Food"
"32","Jam","Jams and Jellies","Baking Goods","Food"
"33","Preserves","Jams and Jellies","Baking Goods","Food"
"34","Waffles","Breakfast Foods","Frozen Foods","Food"
"35","Cereal","Breakfast Foods","Breakfast Foods","Food"
"36","Chocolate Candy","Candy","Snacks","Food"
"37","Gum","Candy","Snacks","Food"
"38","Hard Candy","Candy","Snacks","Food"
"39","Personal Hygiene","Hygiene","Health and Hygiene","Non-Consumable"
"40","Pots and Pans","Kitchen Products","Household","Non-Consumable"
"41","Tools","Hardware","Household","Non-Consumable"
"42","Sponges","Kitchen Products","Household","Non-Consumable"
"43","Beer","Beer and Wine","Alcoholic Beverages","Drink"
"44","Wine","Beer and Wine","Alcoholic Beverages","Drink"
"45","Cookies","Snack Foods","Snack Foods","Food"
"46","Pretzels","Snack Foods","Snack Foods","Food"
"47","Candles","Candles","Household","Non-Consumable"
"48","Sauces","Baking Goods","Baking Goods","Food"
"49","Cooking Oil","Baking Goods","Baking Goods","Food"
"50","Sugar","Baking Goods","Baking Goods","Food"
"51","Chocolate","Hot Beverages","Beverages","Drink"
"52","Flavored Drinks","Drinks","Beverages","Drink"
"53","Peanut Butter","Jams and Jellies","Baking Goods","Food"
"54","Popcorn","Snack Foods","Snack Foods","Food"
"55","Paper Dishes","Paper Products","Household","Non-Consumable"
"56","Plastic Utensils","Plastic Products","Household","Non-Consumable"
"57","Rice","Starchy Foods","Starchy Foods","Food"
"58","Soup","Canned Soup","Canned Foods","Food"
"59","Dehydrated Soup","Packaged Soup","Packaged Foods","Food"
"60","Frozen Vegetables","Vegetables","Frozen Foods","Food"
"61","Fresh Vegetables","Vegetables","Produce","Food"
"62","Canned Vegetables","Vegetables","Canned Foods","Food"
"63","French Fries","Vegetables","Frozen Foods","Food"
"64","Pizza","Pizza","Frozen Foods","Food"
"65","Hamburger","Meat","Meat","Food"
"66","Eggs","Eggs","Eggs","Food"
"67","Tofu","Packaged Vegetables","Produce","Food"
"68","Dish Soap","Bathroom Products","Health and Hygiene","Non-Consumable"
"69","Dishwasher Soap","Bathroom Products","Health and Hygiene","Non-Consumable"
"70","Aspirin","Pain Relievers","Health and Hygiene","Non-Consumable"
"71","Ibuprofen","Pain Relievers","Health and Hygiene","Non-Consumable"
"72","Acetominifen","Pain Relievers","Health and Hygiene","Non-Consumable"
"73","Nasal Sprays","Decongestants","Health and Hygiene","Non-Consumable"
"74","Mouthwash","Bathroom Products","Health and Hygiene","Non-Consumable"
"75","Cold Remedies","Cold Remedies","Health and Hygiene","Non-Consumable"
"76","Milk","Dairy","Dairy","Drink"
"77","Fresh Chicken","Meat","Deli","Food"
"78","Conditioner","Bathroom Products","Health and Hygiene","Non-Consumable"
"79","Shampoo","Bathroom Products","Health and Hygiene","Non-Consumable"
"80","Lightbulbs","Electrical","Household","Non-Consumable"
"81","Hot Dogs","Meat","Deli","Food"
"82","Crackers","Snack Foods","Snack Foods","Food"
"83","Dips","Snack Foods","Snack Foods","Food"
"84","Donuts","Snack Foods","Snack Foods","Food"
"85","Toilet Brushes","Bathroom Products","Household","Non-Consumable"
"86","Pot Scrubbers","Kitchen Products","Household","Non-Consumable"
"87","Pot Cleaners","Kitchen Products","Household","Non-Consumable"
"88","Toothbrushes","Bathroom Products","Health and Hygiene","Non-Consumable"
"89","Sunglasses","Specialty","Carousel","Non-Consumable"
"90","Coffee","Hot Beverages","Beverages","Drink"
"91","Bologna","Meat","Deli","Food"
"92","Non-Alcoholic Wine","Beer and Wine","Alcoholic Beverages","Drink"
"93","Tuna","Canned Tuna","Canned Foods","Food"
"94","Shrimp","Canned Shrimp","Canned Foods","Food"
"95","Anchovies","Canned Anchovies","Canned Foods","Food"
"96","Clams","Canned Clams","Canned Foods","Food"
"97","Oysters","Canned Oysters","Canned Foods","Food"
"98","Sardines","Canned Sardines","Canned Foods","Food"
"99","Fresh Fruit","Fruit","Produce","Food"
"100","Frozen Chicken","Meat","Frozen Foods","Food"
"101","Batteries","Electrical","Household","Non-Consumable"
"102","Maps","Miscellaneous","Checkout","Non-Consumable"
"103","Screwdrivers","Hardware","Checkout","Non-Consumable"
"104","Sports Magazines","Magazines","Periodicals","Non-Consumable"
"105","Home Magazines","Magazines","Periodicals","Non-Consumable"
"106","Fashion Magazines","Magazines","Periodicals","Non-Consumable"
"107","Computer Magazines","Magazines","Periodicals","Non-Consumable"
"108","Auto Magazines","Magazines","Periodicals","Non-Consumable"
"109","Dried Fruit","Snack Foods","Snack Foods","Food"
"110","Popsicles","Frozen Desserts","Frozen Foods","Food"
